FID,Site,Sample_Date,Week_Dates,Week,Day,Month,Test,Gene_Copies_per_Liter,Date_Updated
1,TP01,2020/04/06 00:00:00+00,2020/03/30-04/05,2020.14,Average,(03) March,covid,5000,2020/05/26 00:00:00+00
2,TP01,2020/04/13 00:00:00+00,2020/04/06-04/12,2020.15,Average,(04) April,covid,927625,2020/05/22 00:00:00+00
3,TP01,2020/04/20 00:00:00+00,2020/04/13-04/19,2020.16,Average,(04) April,covid,17264.5,2020/05/22 00:00:00+00
4,TP01,2020/04/27 00:00:00+00,2020/04/20-04/26,2020.17,Average,(04) April,covid,12695.29,2020/05/22 00:00:00+00
5,TP01,2020/05/04 00:00:00+00,2020/04/27-05/03,2020.18,Average,(04) April,covid,5000,2020/05/22 00:00:00+00
6,TP01,2020/05/11 00:00:00+00,2020/05/04-05/10,2020.19,Average,(05) May,covid,5000,2020/05/22 00:00:00+00
7,TP01,2020/05/18 00:00:00+00,2020/05/11-05/17,2020.2,Average,(05) May,covid,5000,2020/05/22 00:00:00+00
8,TP01,2020/05/25 00:00:00+00,2020/05/18-05/24,2020.21,Average,(05) May,covid,5000,2020/05/22 00:00:00+00
9,TP02,2020/04/27 00:00:00+00,2020/04/20-04/26,2020.17,Average,(04) April,covid,41771543.33,2020/05/22 00:00:00+00
10,TP02,2020/05/04 00:00:00+00,2020/04/27-05/03,2020.18,Average,(04) April,covid,5000,2020/05/22 00:00:00+00
11,TP02,2020/05/11 00:00:00+00,2020/05/04-05/10,2020.19,Average,(05) May,covid,5000,2020/05/22 00:00:00+00
12,TP02,2020/05/18 00:00:00+00,2020/05/11-05/17,2020.2,Average,(05) May,covid,5000,2020/05/22 00:00:00+00
13,TP02,2020/05/25 00:00:00+00,2020/05/18-05/24,2020.21,Average,(05) May,covid,5000,2020/05/22 00:00:00+00
14,TP03,2020/04/27 00:00:00+00,2020/04/20-04/26,2020.17,Average,(04) April,covid,5000,2020/05/22 00:00:00+00
15,TP03,2020/05/04 00:00:00+00,2020/04/27-05/03,2020.18,Average,(04) April,covid,5000,2020/05/22 00:00:00+00
16,TP03,2020/05/11 00:00:00+00,2020/05/04-05/10,2020.19,Average,(05) May,covid,5000,2020/05/22 00:00:00+00
17,TP03,2020/05/18 00:00:00+00,2020/05/11-05/17,2020.2,Average,(05) May,covid,5000,2020/05/22 00:00:00+00
18,TP03,2020/05/25 00:00:00+00,2020/05/18-05/24,2020.21,Average,(05) May,covid,5000,2020/05/22 00:00:00+00
19,TP04,2020/04/27 00:00:00+00,2020/04/20-04/26,2020.17,Average,(04) April,covid,5000,2020/05/22 00:00:00+00
20,TP04,2020/05/04 00:00:00+00,2020/04/27-05/03,2020.18,Average,(04) April,covid,5000,2020/05/22 00:00:00+00
21,TP04,2020/05/11 00:00:00+00,2020/05/04-05/10,2020.19,Average,(05) May,covid,5000,2020/05/22 00:00:00+00
22,TP04,2020/05/18 00:00:00+00,2020/05/11-05/17,2020.2,Average,(05) May,covid,5000,2020/05/22 00:00:00+00
23,TP05,2020/04/27 00:00:00+00,2020/04/20-04/26,2020.17,Average,(04) April,covid,45099,2020/05/22 00:00:00+00
24,TP05,2020/05/04 00:00:00+00,2020/04/27-05/03,2020.18,Average,(04) April,covid,5000,2020/05/22 00:00:00+00
25,TP05,2020/05/11 00:00:00+00,2020/05/04-05/10,2020.19,Average,(05) May,covid,5000,2020/05/22 00:00:00+00
26,TP05,2020/05/18 00:00:00+00,2020/05/11-05/17,2020.2,Average,(05) May,covid,5000,2020/05/22 00:00:00+00
27,TP05,2020/05/25 00:00:00+00,2020/05/18-05/24,2020.21,Average,(05) May,covid,5000,2020/05/22 00:00:00+00
28,TP01,2020/05/31 00:00:00+00,2020/05/25-05/31,2020.22,Average,(05) May,covid,5000,2020/06/04 06:59:59+00
29,TP02,2020/06/01 00:00:00+00,2020/05/25-05/31,2020.22,Average,(05) May,covid,5000,2020/06/04 06:59:59+00
30,TP03,2020/06/01 00:00:00+00,2020/05/25-05/31,2020.22,Average,(05) May,covid,5000,2020/06/04 06:59:59+00
31,TP04,2020/06/01 00:00:00+00,2020/05/25-05/31,2020.22,Average,(05) May,covid,5000,2020/06/04 06:59:59+00
32,TP05,2020/06/01 00:00:00+00,2020/05/25-05/31,2020.22,Average,(05) May,covid,5000,2020/06/04 06:59:59+00
33,TP01,2020/06/08 00:00:00+00,2020/06/01-06/07,2020.23,Average,(06) June,covid,5000,2020/06/04 06:59:59+00
34,TP02,2020/06/08 00:00:00+00,2020/06/01-06/07,2020.23,Average,(06) June,covid,5000,2020/06/04 06:59:59+00
35,TP03,2020/06/08 00:00:00+00,2020/06/01-06/07,2020.23,Average,(06) June,covid,5000,2020/06/04 06:59:59+00
36,TP04,2020/06/08 00:00:00+00,2020/06/01-06/07,2020.23,Average,(06) June,covid,46929.57,2020/06/04 06:59:59+00
37,TP05,2020/06/08 00:00:00+00,2020/06/01-06/07,2020.23,Average,(06) June,covid,23880.857,2020/06/04 06:59:59+00
38,Guadalupe,2020/05/04 00:00:00+00,2020/04/27-05/03,2020.18,Average,(04) April,covid,5000,2020/06/04 06:59:59+00
39,Guadalupe,2020/05/11 00:00:00+00,2020/05/04-05/10,2020.19,Average,(05) May,covid,416000,2020/06/04 06:59:59+00
40,Guadalupe,2020/05/18 00:00:00+00,2020/05/11-05/17,2020.2,Average,(05) May,covid,804467,2020/06/04 06:59:59+00
41,Guadalupe,2020/05/25 00:00:00+00,2020/05/18-05/24,2020.21,Average,(05) May,covid,379791,2020/06/04 06:59:59+00
42,Guadalupe,2020/06/01 00:00:00+00,2020/05/25-05/31,2020.22,Average,(05) May,covid,1145966,2020/06/04 06:59:59+00
43,Guadalupe,2020/06/08 00:00:00+00,2020/06/01-06/07,2020.23,Average,(06) June,covid,1265561.429,2020/06/04 06:59:59+00
44,TP01,2020/06/15 00:00:00+00,2020/06/08-06/14,2020.24,Average,(06) June,covid,340613.33,2020/06/20 06:59:59+00
45,TP02,2020/06/15 00:00:00+00,2020/06/08-06/14,2020.24,Average,(06) June,covid,285200,2020/11/06 06:59:59+00
46,TP03,2020/06/15 00:00:00+00,2020/06/08-06/14,2020.24,Average,(06) June,covid,5000,2020/06/11 06:59:59+00
47,TP04,2020/06/15 00:00:00+00,2020/06/08-06/14,2020.24,Average,(06) June,covid,5000,2020/06/11 06:59:59+00
48,TP05,2020/06/15 00:00:00+00,2020/06/08-06/14,2020.24,Average,(06) June,covid,2700022.67,2020/06/12 06:59:59+00
49,TP06,2020/06/15 00:00:00+00,2020/06/08-06/14,2020.24,Average,(06) June,covid,309200,2020/06/11 06:59:59+00
50,Guadalupe,2020/06/15 00:00:00+00,2020/06/08-06/14,2020.24,Average,(06) June,covid,1128291,2020/06/12 06:59:59+00
51,TP06,2020/04/20 00:00:00+00,2020/04/13-04/19,2020.16,Average,(04) April,covid,5000,2020/06/15 06:59:59+00
52,TP06,2020/04/27 00:00:00+00,2020/04/20-04/26,2020.17,Average,(04) April,covid,11962,2020/06/15 06:59:59+00
53,TP06,2020/05/04 00:00:00+00,2020/04/27-05/03,2020.18,Average,(05) May,covid,5000,2020/06/15 06:59:59+00
54,TP06,2020/05/11 00:00:00+00,2020/05/04-05/10,2020.19,Average,(05) May,covid,5000,2020/06/15 06:59:59+00
55,TP06,2020/05/18 00:00:00+00,2020/05/11-05/17,2020.2,Average,(05) May,covid,5000,2020/06/15 06:59:59+00
56,TP06,2020/05/25 00:00:00+00,2020/05/18-05/24,2020.21,Average,(05) May,covid,5000,2020/06/15 06:59:59+00
57,TP06,2020/06/01 00:00:00+00,2020/05/25-05/31,2020.22,Average,(05) May,covid,5000,2020/06/15 06:59:59+00
58,TP06,2020/06/08 00:00:00+00,2020/06/01-06/07,2020.23,Average,(06) June,covid,5000,2020/06/15 06:59:59+00
59,Guadalupe,2020/06/22 00:00:00+00,2020/06/15-06/21,2020.25,Average,(06) June,covid,792035,2020/06/26 06:59:59+00
60,TP07,2020/06/21 06:59:59+00,2020/06/15-06/21,2020.25,Average,(06) June,covid,636350,
61,TP03,2020/06/22 00:00:00+00,2020/06/15-06/21,2020.25,Average,(06) June,covid,5000,2020/06/26 06:59:59+00
62,TP04,2020/06/22 00:00:00+00,2020/06/15-06/21,2020.25,Average,(06) June,covid,65133,2020/06/26 06:59:59+00
63,TP05,2020/06/22 00:00:00+00,2020/06/15-06/21,2020.25,Average,(06) June,covid,133633,2020/06/26 06:59:59+00
64,TP06,2020/06/22 00:00:00+00,2020/06/15-06/21,2020.25,Average,(06) June,covid,289316,2020/06/26 06:59:59+00
65,TP02,2020/06/22 00:00:00+00,2020/06/15-06/21,2020.25,Average,(06) June,covid,464667,2020/11/06 06:59:59+00
66,TP01,2020/06/22 00:00:00+00,2020/06/15-06/21,2020.25,Average,(06) June,covid,215529,2020/06/26 06:59:59+00
67,Guadalupe,2020/06/28 06:59:59+00,2020/06/22-06/28,2020.26,Average,(06) June,covid,687433,2020/06/26 06:59:59+00
68,TP01,2020/06/28 06:59:59+00,2020/06/22-06/28,2020.26,Average,(06) June,covid,382433,2020/06/26 06:59:59+00
69,TP02,2020/06/28 06:59:59+00,2020/06/22-06/28,2020.26,Average,(06) June,covid,1258767,2020/11/06 06:59:59+00
70,TP03,2020/06/28 06:59:59+00,2020/06/22-06/28,2020.26,Average,(06) June,covid,5000,2020/06/26 06:59:59+00
71,TP04,2020/06/28 06:59:59+00,2020/06/22-06/28,2020.26,Average,(06) June,covid,454067,2020/06/26 06:59:59+00
72,TP05,2020/06/28 06:59:59+00,2020/06/22-06/28,2020.26,Average,(06) June,covid,610633,2020/06/26 06:59:59+00
73,TP06,2020/06/28 06:59:59+00,2020/06/22-06/28,2020.26,Average,(06) June,covid,557167,2020/06/26 06:59:59+00
74,TP07,2020/06/28 06:59:59+00,2020/06/22-06/28,2020.26,Average,(06) June,covid,666050,2020/06/26 06:59:59+00
75,Guadalupe,2020/07/05 06:59:59+00,2020/06/29-07/05,2020.27,Average,(07) July,covid,1919867,2020/07/01 06:59:59+00
76,TP01,2020/07/05 06:59:59+00,2020/06/29-07/05,2020.27,Average,(07) July,covid,388933,2020/07/01 06:59:59+00
77,TP02,2020/07/05 06:59:59+00,2020/06/29-07/05,2020.27,Average,(07) July,covid,472500,2020/11/06 06:59:59+00
78,TP03,2020/07/05 06:59:59+00,2020/06/29-07/05,2020.27,Average,(07) July,covid,5000,2020/07/01 06:59:59+00
79,TP04,2020/07/05 06:59:59+00,2020/06/29-07/05,2020.27,Average,(07) July,covid,151300,2020/07/01 06:59:59+00
80,TP05,2020/07/05 06:59:59+00,2020/06/29-07/05,2020.27,Average,(07) July,covid,452800,2020/07/01 06:59:59+00
81,TP06,2020/07/05 06:59:59+00,2020/06/29-07/05,2020.27,Average,(07) July,covid,1634367,2020/07/01 06:59:59+00
82,TP07,2020/07/05 06:59:59+00,2020/06/29-07/05,2020.27,Average,(07) July,covid,465267,2020/07/01 06:59:59+00
83,TP01,2020/07/12 06:59:59+00,2020/07/06-07/12,2020.28,Average,(07) July,covid,18600,2020/07/16 06:59:59+00
84,TP02,2020/07/12 06:59:59+00,2020/07/06-07/12,2020.28,Average,(07) July,covid,328400,2020/11/06 06:59:59+00
85,TP03,2020/07/12 06:59:59+00,2020/07/06-07/12,2020.28,Average,(07) July,covid,5000,2020/07/16 06:59:59+00
86,TP04,2020/07/12 06:59:59+00,2020/07/06-07/12,2020.28,Average,(07) July,covid,5000,2020/07/16 06:59:59+00
87,TP05,2020/07/12 06:59:59+00,2020/07/06-07/12,2020.28,Average,(07) July,covid,116300,2020/07/16 06:59:59+00
88,TP06,2020/07/12 06:59:59+00,2020/07/06-07/12,2020.28,Average,(07) July,covid,297667,2020/07/16 06:59:59+00
89,TP07,2020/07/12 06:59:59+00,2020/07/06-07/12,2020.28,Average,(07) July,covid,196400,2020/07/16 06:59:59+00
90,Guadalupe,2020/07/12 06:59:59+00,2020/07/06-07/12,2020.28,Average,(07) July,covid,291467,2020/07/16 06:59:59+00
91,TP01,2020/07/19 06:59:59+00,2020/07/13-07/19,2020.29,Average,(07) July,covid,80133,2020/07/24 06:59:59+00
92,TP02,2020/07/19 06:59:59+00,2020/07/13-07/19,2020.29,Average,(07) July,covid,188133,2020/11/06 06:59:59+00
93,TP03,2020/07/19 06:59:59+00,2020/07/13-07/19,2020.29,Average,(07) July,covid,5000,2020/07/24 06:59:59+00
94,TP04,2020/07/19 06:59:59+00,2020/07/13-07/19,2020.29,Average,(07) July,covid,5000,2020/07/24 06:59:59+00
95,TP05,2020/07/19 06:59:59+00,2020/07/13-07/19,2020.29,Average,(07) July,covid,88200,2020/07/24 06:59:59+00
96,TP06,2020/07/19 06:59:59+00,2020/07/13-07/19,2020.29,Average,(07) July,covid,172733,2020/07/24 06:59:59+00
97,TP07,2020/07/19 06:59:59+00,2020/07/13-07/19,2020.29,Average,(07) July,covid,113500,2020/07/24 06:59:59+00
98,Guadalupe,2020/07/19 06:59:59+00,2020/07/13-07/19,2020.29,Average,(07) July,covid,350433,2020/07/24 06:59:59+00
99,TP01,2020/07/26 06:59:59+00,2020/07/20-07/26,2020.3,Average,(07) July,covid,205050,2020/07/28 06:59:59+00
100,TP02,2020/07/26 06:59:59+00,2020/07/20-07/26,2020.3,Average,(07) July,covid,268167,2020/07/31 06:59:59+00
101,TP03,2020/07/26 06:59:59+00,2020/07/20-07/26,2020.3,Average,(07) July,covid,5000,2020/07/28 06:59:59+00
102,TP04,2020/07/26 06:59:59+00,2020/07/20-07/26,2020.3,Average,(07) July,covid,5000,2020/07/28 06:59:59+00
103,TP05,2020/07/26 06:59:59+00,2020/07/20-07/26,2020.3,Average,(07) July,covid,5000,2020/07/28 06:59:59+00
104,TP06,2020/07/26 06:59:59+00,2020/07/20-07/26,2020.3,Average,(07) July,covid,215500,2020/07/31 06:59:59+00
105,TP07,2020/07/26 06:59:59+00,2020/07/20-07/26,2020.3,Average,(07) July,covid,82667,2020/07/31 06:59:59+00
106,Guadalupe,2020/07/26 06:59:59+00,2020/07/20-07/26,2020.3,Average,(07) July,covid,537667,2020/07/31 06:59:59+00
107,TP01,2020/08/02 06:59:59+00,2020/07/27-08/02,2020.31,Average,(07) July,covid,136700,2020/08/14 06:59:59+00
108,TP02,2020/08/02 06:59:59+00,2020/07/27-08/02,2020.31,Average,(07) July,covid,175082,2020/11/06 06:59:59+00
109,TP03,2020/08/02 06:59:59+00,2020/07/27-08/02,2020.31,Average,(07) July,covid,5000,2020/08/07 06:59:59+00
110,TP04,2020/08/02 06:59:59+00,2020/07/27-08/02,2020.31,Average,(07) July,covid,5000,2020/08/07 06:59:59+00
111,TP05,2020/08/02 06:59:59+00,2020/07/27-08/02,2020.31,Average,(07) July,covid,61500,2020/08/07 06:59:59+00
112,TP06,2020/08/02 06:59:59+00,2020/07/27-08/02,2020.31,Average,(07) July,covid,118833,2020/08/14 06:59:59+00
113,TP07,2020/08/02 06:59:59+00,2020/07/27-08/02,2020.31,Average,(07) July,covid,5000,2020/08/07 06:59:59+00
114,Guadalupe,2020/08/02 06:59:59+00,2020/07/27-08/02,2020.31,Average,(07) July,covid,86567,2020/08/14 06:59:59+00
115,TP01,2020/08/09 06:59:59+00,2020/08/03-08/09,2020.32,Average,(08) August,covid,5000,2020/08/14 06:59:59+00
116,TP02,2020/08/09 06:59:59+00,2020/08/03-08/09,2020.32,Average,(08) August,covid,155500,2020/08/14 06:59:59+00
117,TP03,2020/08/09 06:59:59+00,2020/08/03-08/09,2020.32,Average,(08) August,covid,5000,2020/08/14 06:59:59+00
118,TP04,2020/08/09 06:59:59+00,2020/08/03-08/09,2020.32,Average,(08) August,covid,5000,2020/08/14 06:59:59+00
119,TP05,2020/08/09 06:59:59+00,2020/08/03-08/09,2020.32,Average,(08) August,covid,5000,2020/08/14 06:59:59+00
120,TP06,2020/08/09 06:59:59+00,2020/08/03-08/09,2020.32,Average,(08) August,covid,50000,2020/08/14 06:59:59+00
121,TP07,2020/08/09 06:59:59+00,2020/08/03-08/09,2020.32,Average,(08) August,covid,5000,2020/08/14 06:59:59+00
122,Guadalupe,2020/08/09 06:59:59+00,2020/08/03-08/09,2020.32,Average,(08) August,covid,170800,2020/08/14 06:59:59+00
123,TP01,2020/08/16 06:59:59+00,2020/08/10-08/16,2020.33,Average,(08) August,covid,72467,2020/08/21 06:59:59+00
124,TP02,2020/08/16 06:59:59+00,2020/08/10-08/16,2020.33,Average,(08) August,covid,143600,2020/08/21 06:59:59+00
125,TP03,2020/08/16 06:59:59+00,2020/08/10-08/16,2020.33,Average,(08) August,covid,5000,2020/08/21 06:59:59+00
126,TP04,2020/08/16 06:59:59+00,2020/08/10-08/16,2020.33,Average,(08) August,covid,5000,2020/08/21 06:59:59+00
127,TP05,2020/08/16 06:59:59+00,2020/08/10-08/16,2020.33,Average,(08) August,covid,5000,2020/08/21 06:59:59+00
128,TP06,2020/08/16 06:59:59+00,2020/08/10-08/16,2020.33,Average,(08) August,covid,5000,2020/08/21 06:59:59+00
129,TP07,2020/08/16 06:59:59+00,2020/08/10-08/16,2020.33,Average,(08) August,covid,5000,2020/08/21 06:59:59+00
130,Guadalupe,2020/08/16 06:59:59+00,2020/08/10-08/16,2020.33,Average,(08) August,covid,5000,2020/08/21 06:59:59+00
131,TP01,2020/08/23 06:59:59+00,2020/08/17-08/23,2020.34,Average,(08) August,covid,5000,2020/08/21 06:59:59+00
132,TP02,2020/08/23 06:59:59+00,2020/08/17-08/23,2020.34,Average,(08) August,covid,99147,2020/11/06 06:59:59+00
133,TP03,2020/08/23 06:59:59+00,2020/08/17-08/23,2020.34,Average,(08) August,covid,5000,2020/08/21 06:59:59+00
134,TP04,2020/08/23 06:59:59+00,2020/08/17-08/23,2020.34,Average,(08) August,covid,5000,2020/08/21 06:59:59+00
135,TP05,2020/08/23 06:59:59+00,2020/08/17-08/23,2020.34,Average,(08) August,covid,84833,2020/08/28 06:59:59+00
136,TP06,2020/08/23 06:59:59+00,2020/08/17-08/23,2020.34,Average,(08) August,covid,229067,2020/08/28 06:59:59+00
137,TP07,2020/08/23 06:59:59+00,2020/08/17-08/23,2020.34,Average,(08) August,covid,5000,2020/08/21 06:59:59+00
138,Guadalupe,2020/08/23 06:59:59+00,2020/08/17-08/23,2020.34,Average,(08) August,covid,5000,2020/08/21 06:59:59+00
139,TP01,2020/08/30 06:59:59+00,2020/08/24-08/30,2020.35,Average,(08) August,covid,156233,2020/09/04 06:59:59+00
140,TP02,2020/08/30 06:59:59+00,2020/08/24-08/30,2020.35,Average,(08) August,covid,469931,2020/11/06 06:59:59+00
141,TP03,2020/08/30 06:59:59+00,2020/08/24-08/30,2020.35,Average,(08) August,covid,5000,2020/09/04 06:59:59+00
142,TP04,2020/08/30 06:59:59+00,2020/08/24-08/30,2020.35,Average,(08) August,covid,72200,2020/09/04 06:59:59+00
143,TP05,2020/08/30 06:59:59+00,2020/08/24-08/30,2020.35,Average,(08) August,covid,5000,2020/09/04 06:59:59+00
144,TP06,2020/08/30 06:59:59+00,2020/08/24-08/30,2020.35,Average,(08) August,covid,707133,2020/09/04 06:59:59+00
145,TP07,2020/08/30 06:59:59+00,2020/08/24-08/30,2020.35,Average,(08) August,covid,402300,2020/09/04 06:59:59+00
146,Guadalupe,2020/08/30 06:59:59+00,2020/08/24-08/30,2020.35,Average,(08) August,covid,53167,2020/09/04 06:59:59+00
147,TP01,2020/09/06 06:59:59+00,2020/08/31-9/6/2020,2020.36,Average,(09) September,covid,159367,2020/09/10 06:59:59+00
148,TP02,2020/09/06 06:59:59+00,2020/08/31-9/6/2020,2020.36,Average,(09) September,covid,236336,2020/11/06 06:59:59+00
149,TP03,2020/09/06 06:59:59+00,2020/08/31-9/6/2020,2020.36,Average,(09) September,covid,5000,2020/09/10 06:59:59+00
158,TP04,2020/09/06 06:59:59+00,2020/08/31-9/6/2020,2020.36,Average,(09) September,covid,5000,2020/09/10 06:59:59+00
159,TP05,2020/09/06 06:59:59+00,2020/08/31-9/6/2020,2020.36,Average,(09) September,covid,5000,2020/09/10 06:59:59+00
160,TP06,2020/09/06 06:59:59+00,2020/08/31-9/6/2020,2020.36,Average,(09) September,covid,1155467,2020/09/10 06:59:59+00
161,TP07,2020/09/06 06:59:59+00,2020/08/31-9/6/2020,2020.36,Average,(09) September,covid,368333,2020/09/10 06:59:59+00
162,Guadalupe,2020/09/06 06:59:59+00,2020/08/31-9/6/2020,2020.36,Average,(09) September,covid,5000,2020/09/10 06:59:59+00
163,TP01,2020/09/13 06:59:59+00,2020/09/07-09/13/2020,2020.37,Average,(09) September,covid,159900,2020/09/21 06:59:59+00
164,TP02,2020/09/13 06:59:59+00,2020/09/07-09/13/2020,2020.37,Average,(09) September,covid,10558,2020/11/06 06:59:59+00
165,TP03,2020/09/13 06:59:59+00,2020/09/07-09/13/2020,2020.37,Average,(09) September,covid,5000,2020/09/18 06:59:59+00
166,TP04,2020/09/13 06:59:59+00,2020/09/07-09/13/2020,2020.37,Average,(09) September,covid,390633,2020/09/18 06:59:59+00
167,TP05,2020/09/13 06:59:59+00,2020/09/07-09/13/2020,2020.37,Average,(09) September,covid,38133,2020/09/21 06:59:59+00
168,TP06,2020/09/13 06:59:59+00,2020/09/07-09/13/2020,2020.37,Average,(09) September,covid,3909967,2020/09/21 06:59:59+00
169,TP07,2020/09/13 06:59:59+00,2020/09/07-09/13/2020,2020.37,Average,(09) September,covid,973033,2020/09/21 06:59:59+00
170,Guadalupe,2020/09/13 06:59:59+00,2020/09/07-09/13/2020,2020.37,Average,(09) September,covid,5000,2020/09/18 06:59:59+00
171,TP01,2020/09/20 06:59:59+00,2020/09/14-09/20/2020,2020.38,Average,(09) September,covid,102800,2020/09/25 06:59:59+00
172,TP02,2020/09/20 06:59:59+00,2020/09/14-09/20/2020,2020.38,Average,(09) September,covid,595633,2020/11/06 06:59:59+00
173,TP03,2020/09/20 06:59:59+00,2020/09/14-09/20/2020,2020.38,Average,(09) September,covid,5000,2020/09/21 06:59:59+00
174,TP04,2020/09/20 06:59:59+00,2020/09/14-09/20/2020,2020.38,Average,(09) September,covid,130333,2020/09/25 06:59:59+00
175,TP05,2020/09/20 06:59:59+00,2020/09/14-09/20/2020,2020.38,Average,(09) September,covid,5000,2020/09/21 06:59:59+00
176,TP06,2020/09/20 06:59:59+00,2020/09/14-09/20/2020,2020.38,Average,(09) September,covid,705767,2020/09/25 06:59:59+00
177,TP07,2020/09/20 06:59:59+00,2020/09/14-09/20/2020,2020.38,Average,(09) September,covid,463300,2020/09/21 06:59:59+00
178,Guadalupe,2020/09/20 06:59:59+00,2020/09/14-09/20/2020,2020.38,Average,(09) September,covid,5000,2020/09/21 06:59:59+00
179,TP01,2020/09/27 06:59:59+00,2020/09/21-09/27/2020,2020.39,Average,(09) September,covid,25700,2020/10/09 06:59:59+00
180,TP02,2020/09/27 06:59:59+00,2020/09/21-09/27/2020,2020.39,Average,(09) September,covid,423733,2020/11/06 06:59:59+00
181,TP03,2020/09/27 06:59:59+00,2020/09/21-09/27/2020,2020.39,Average,(09) September,covid,5000,2020/10/02 06:59:59+00
182,TP04,2020/09/27 06:59:59+00,2020/09/21-09/27/2020,2020.39,Average,(09) September,covid,47967,2020/10/09 06:59:59+00
183,TP05,2020/09/27 06:59:59+00,2020/09/21-09/27/2020,2020.39,Average,(09) September,covid,5000,2020/10/02 06:59:59+00
184,TP06,2020/09/27 06:59:59+00,2020/09/21-09/27/2020,2020.39,Average,(09) September,covid,479333,2020/10/09 06:59:59+00
185,TP07,2020/09/27 06:59:59+00,2020/09/21-09/27/2020,2020.39,Average,(09) September,covid,264133,2020/10/09 06:59:59+00
186,Guadalupe,2020/09/27 06:59:59+00,2020/09/21-09/27/2020,2020.39,Average,(09) September,covid,76933,2020/10/09 06:59:59+00
187,TP01,2020/10/04 06:59:59+00,2020/09/28-10/4/2020,2020.4,Average,(09) September,covid,106267,2020/10/09 06:59:59+00
188,TP02,2020/10/04 06:59:59+00,2020/09/28-10/4/2020,2020.4,Average,(09) September,covid,214333,2020/10/09 06:59:59+00
189,TP03,2020/10/04 06:59:59+00,2020/09/28-10/4/2020,2020.4,Average,(09) September,covid,47467,2020/10/09 06:59:59+00
190,TP04,2020/10/04 06:59:59+00,2020/09/28-10/4/2020,2020.4,Average,(09) September,covid,5000,2020/10/09 06:59:59+00
191,TP05,2020/10/04 06:59:59+00,2020/09/28-10/4/2020,2020.4,Average,(09) September,covid,5000,2020/10/09 06:59:59+00
192,TP06,2020/10/04 06:59:59+00,2020/09/28-10/4/2020,2020.4,Average,(09) September,covid,2024833,2020/10/09 06:59:59+00
193,TP07,2020/10/04 06:59:59+00,2020/09/28-10/4/2020,2020.4,Average,(09) September,covid,576200,2020/10/09 06:59:59+00
194,Guadalupe,2020/10/04 06:59:59+00,2020/09/28-10/4/2020,2020.4,Average,(09) September,covid,601900,2020/10/09 06:59:59+00
195,TP01,2020/10/11 06:59:59+00,2020/10/05-10/11/2020,2020.41,Average,(10) October,covid,5000,2020/10/16 06:59:59+00
196,TP02,2020/10/11 06:59:59+00,2020/10/05-10/11/2020,2020.41,Average,(10) October,covid,166200,2020/10/16 06:59:59+00
197,TP03,2020/10/11 06:59:59+00,2020/10/05-10/11/2020,2020.41,Average,(10) October,covid,5000,2020/10/16 06:59:59+00
198,TP04,2020/10/11 06:59:59+00,2020/10/05-10/11/2020,2020.41,Average,(10) October,covid,5000,2020/10/16 06:59:59+00
199,TP05,2020/10/11 06:59:59+00,2020/10/05-10/11/2020,2020.41,Average,(10) October,covid,5000,2020/10/16 06:59:59+00
200,TP06,2020/10/11 06:59:59+00,2020/10/05-10/11/2020,2020.41,Average,(10) October,covid,274633,2020/10/16 06:59:59+00
201,TP07,2020/10/11 06:59:59+00,2020/10/05-10/11/2020,2020.41,Average,(10) October,covid,5000,2020/10/16 06:59:59+00
202,Guadalupe,2020/10/11 06:59:59+00,2020/10/05-10/11/2020,2020.41,Average,(10) October,covid,5000,2020/10/16 06:59:59+00
203,TP01,2020/10/18 06:59:59+00,2020/10/12-10/18/2020,2020.42,Average,(10) October,covid,5000,2020/10/19 06:59:59+00
204,TP02,2020/10/18 06:59:59+00,2020/10/12-10/18/2020,2020.42,Average,(10) October,covid,30433,2020/10/19 06:59:59+00
205,TP03,2020/10/18 06:59:59+00,2020/10/12-10/18/2020,2020.42,Average,(10) October,covid,5000,2020/10/19 06:59:59+00
206,TP04,2020/10/18 06:59:59+00,2020/10/12-10/18/2020,2020.42,Average,(10) October,covid,5000,2020/10/19 06:59:59+00
207,TP05,2020/10/18 06:59:59+00,2020/10/12-10/18/2020,2020.42,Average,(10) October,covid,5000,2020/10/19 06:59:59+00
208,TP06,2020/10/18 06:59:59+00,2020/10/12-10/18/2020,2020.42,Average,(10) October,covid,92200,2020/10/19 06:59:59+00
209,TP07,2020/10/18 06:59:59+00,2020/10/12-10/18/2020,2020.42,Average,(10) October,covid,5000,2020/10/19 06:59:59+00
210,Guadalupe,2020/10/18 06:59:59+00,2020/10/12-10/18/2020,2020.42,Average,(10) October,covid,149333,2020/10/19 06:59:59+00
211,TP01,2020/10/25 06:59:59+00,2020/10/19-10/25/2020,2020.43,Average,(10) October,covid,5000,2020/11/02 06:59:59+00
212,TP02,2020/10/25 06:59:59+00,2020/10/19-10/25/2020,2020.43,Average,(10) October,covid,208333,2020/11/02 06:59:59+00
213,TP03,2020/10/25 06:59:59+00,2020/10/19-10/25/2020,2020.43,Average,(10) October,covid,5000,2020/11/02 06:59:59+00
214,TP04,2020/10/25 06:59:59+00,2020/10/19-10/25/2020,2020.43,Average,(10) October,covid,5000,2020/11/02 06:59:59+00
215,TP05,2020/10/25 06:59:59+00,2020/10/19-10/25/2020,2020.43,Average,(10) October,covid,160667,2020/11/02 06:59:59+00
216,TP06,2020/10/25 06:59:59+00,2020/10/19-10/25/2020,2020.43,Average,(10) October,covid,205967,2020/11/02 06:59:59+00
217,TP07,2020/10/25 06:59:59+00,2020/10/19-10/25/2020,2020.43,Average,(10) October,covid,5000,2020/11/02 06:59:59+00
218,Guadalupe,2020/10/25 06:59:59+00,2020/10/19-10/25/2020,2020.43,Average,(10) October,covid,5000,2020/11/02 06:59:59+00
219,TP01,2020/11/01 06:59:59+00,2020/10/26-11/1/2020,2020.44,Average,(10) October,covid,5000,2020/11/06 06:59:59+00
220,TP02,2020/11/01 06:59:59+00,2020/10/26-11/1/2020,2020.44,Average,(10) October,covid,301467,2020/11/23 06:59:59+00
221,TP03,2020/11/01 06:59:59+00,2020/10/26-11/1/2020,2020.44,Average,(10) October,covid,5000,2020/11/06 06:59:59+00
222,TP04,2020/11/01 06:59:59+00,2020/10/26-11/1/2020,2020.44,Average,(10) October,covid,120967,2020/11/23 06:59:59+00
223,TP05,2020/11/01 06:59:59+00,2020/10/26-11/1/2020,2020.44,Average,(10) October,covid,281033,2020/11/23 06:59:59+00
224,TP06,2020/11/01 06:59:59+00,2020/10/26-11/1/2020,2020.44,Average,(10) October,covid,45067,2020/11/23 06:59:59+00
225,TP07,2020/11/01 06:59:59+00,2020/10/26-11/1/2020,2020.44,Average,(10) October,covid,5000,2020/11/06 06:59:59+00
226,Guadalupe,2020/11/01 06:59:59+00,2020/10/26-11/1/2020,2020.44,Average,(10) October,covid,5000,2020/11/06 06:59:59+00
227,TP01,2020/11/08 06:59:59+00,2020/11/02-11/8/2020,2020.45,Average,(11) November,covid,209633,2020/11/23 06:59:59+00
228,TP02,2020/11/08 06:59:59+00,2020/11/02-11/8/2020,2020.45,Average,(11) November,covid,56767,2020/11/23 06:59:59+00
229,TP03,2020/11/08 06:59:59+00,2020/11/02-11/8/2020,2020.45,Average,(11) November,covid,5000,2020/11/13 06:59:59+00
230,TP04,2020/11/08 06:59:59+00,2020/11/02-11/8/2020,2020.45,Average,(11) November,covid,5000,2020/11/13 06:59:59+00
231,TP05,2020/11/08 06:59:59+00,2020/11/02-11/8/2020,2020.45,Average,(11) November,covid,130567,2020/11/23 06:59:59+00
232,TP06,2020/11/08 06:59:59+00,2020/11/02-11/8/2020,2020.45,Average,(11) November,covid,294167,2020/11/23 06:59:59+00
233,TP07,2020/11/08 06:59:59+00,2020/11/02-11/8/2020,2020.45,Average,(11) November,covid,5000,2020/11/13 06:59:59+00
234,Guadalupe,2020/11/08 06:59:59+00,2020/11/02-11/8/2020,2020.45,Average,(11) November,covid,5000,2020/11/13 06:59:59+00
235,TP01,2020/11/15 06:59:59+00,2020/11/09-11/15/2020,2020.46,Average,(11) November,covid,5000,2020/11/23 06:59:59+00
236,TP02,2020/11/15 06:59:59+00,2020/11/09-11/15/2020,2020.46,Average,(11) November,covid,583600,2020/11/23 06:59:59+00
237,TP03,2020/11/15 06:59:59+00,2020/11/09-11/15/2020,2020.46,Average,(11) November,covid,5000,2020/11/23 06:59:59+00
238,TP04,2020/11/15 06:59:59+00,2020/11/09-11/15/2020,2020.46,Average,(11) November,covid,249567,2020/11/23 06:59:59+00
239,TP05,2020/11/15 06:59:59+00,2020/11/09-11/15/2020,2020.46,Average,(11) November,covid,233167,2020/11/23 06:59:59+00
240,TP06,2020/11/15 06:59:59+00,2020/11/09-11/15/2020,2020.46,Average,(11) November,covid,863733,2020/11/23 06:59:59+00
241,TP07,2020/11/15 06:59:59+00,2020/11/09-11/15/2020,2020.46,Average,(11) November,covid,1440167,2020/11/23 06:59:59+00
242,Guadalupe,2020/11/15 06:59:59+00,2020/11/09-11/15/2020,2020.46,Average,(11) November,covid,5000,2020/11/23 06:59:59+00
243,TP01,2020/11/22 06:59:59+00,2020/11/16-11/22/2020,2020.47,Average,(11) November,covid,492933,2020/12/09 06:59:59+00
244,TP02,2020/11/22 06:59:59+00,2020/11/16-11/22/2020,2020.47,Average,(11) November,covid,876067,2020/12/09 06:59:59+00
245,TP03,2020/11/22 06:59:59+00,2020/11/16-11/22/2020,2020.47,Average,(11) November,covid,5000,2020/11/23 06:59:59+00
246,TP04,2020/11/22 06:59:59+00,2020/11/16-11/22/2020,2020.47,Average,(11) November,covid,218833,2020/12/09 06:59:59+00
247,TP05,2020/11/22 06:59:59+00,2020/11/16-11/22/2020,2020.47,Average,(11) November,covid,250800,2020/12/09 06:59:59+00
248,TP06,2020/11/22 06:59:59+00,2020/11/16-11/22/2020,2020.47,Average,(11) November,covid,995400,2020/12/09 06:59:59+00
249,TP07,2020/11/22 06:59:59+00,2020/11/16-11/22/2020,2020.47,Average,(11) November,covid,5000,2020/11/23 06:59:59+00
250,Guadalupe,2020/11/22 06:59:59+00,2020/11/16-11/22/2020,2020.47,Average,(11) November,covid,120600,2020/12/09 06:59:59+00
251,TP01,2020/11/29 06:59:59+00,2020/11/23-11/29/2020,2020.48,Average,(11) November,covid,300100,2020/12/09 06:59:59+00
252,TP02,2020/11/29 06:59:59+00,2020/11/23-11/29/2020,2020.48,Average,(11) November,covid,932300,2020/12/09 06:59:59+00
253,TP03,2020/11/29 06:59:59+00,2020/11/23-11/29/2020,2020.48,Average,(11) November,covid,5000,2020/12/09 06:59:59+00
254,TP04,2020/11/29 06:59:59+00,2020/11/23-11/29/2020,2020.48,Average,(11) November,covid,5000,2020/12/09 06:59:59+00
255,TP05,2020/11/29 06:59:59+00,2020/11/23-11/29/2020,2020.48,Average,(11) November,covid,5000,2020/12/09 06:59:59+00
256,TP06,2020/11/29 06:59:59+00,2020/11/23-11/29/2020,2020.48,Average,(11) November,covid,222500,2020/12/09 06:59:59+00
257,,,,,,,,,
258,TP07,2020/11/29 06:59:59+00,2020/11/23-11/29/2020,2020.48,Average,(11) November,covid,5000,2020/12/09 06:59:59+00
259,Guadalupe,2020/11/29 06:59:59+00,2020/11/23-11/29/2020,2020.48,Average,(11) November,covid,5000,2020/12/09 06:59:59+00
260,TP01,2020/12/06 06:59:59+00,2020/11/30-12/6/2020,2020.49,Average,(12) December,covid,1123933,2020/12/10 06:59:59+00
261,TP02,2020/12/06 06:59:59+00,2020/11/30-12/6/2020,2020.49,Average,(12) December,covid,1047067,2020/12/10 06:59:59+00
262,TP03,2020/12/06 06:59:59+00,2020/11/30-12/6/2020,2020.49,Average,(12) December,covid,5000,2020/12/10 06:59:59+00
263,TP04,2020/12/06 06:59:59+00,2020/11/30-12/6/2020,2020.49,Average,(12) December,covid,798800,2020/12/10 06:59:59+00
264,TP05,2020/12/06 06:59:59+00,2020/11/30-12/6/2020,2020.49,Average,(12) December,covid,461167,2020/12/10 06:59:59+00
265,TP06,2020/12/06 06:59:59+00,2020/11/30-12/6/2020,2020.49,Average,(12) December,covid,606500,2020/12/10 06:59:59+00
266,TP07,2020/12/06 06:59:59+00,2020/11/30-12/6/2020,2020.49,Average,(12) December,covid,454650,2020/12/10 06:59:59+00
267,Guadalupe,2020/12/06 06:59:59+00,2020/11/30-12/6/2020,2020.49,Average,(12) December,covid,5778500,2020/12/10 06:59:59+00
268,TP01,2020/12/13 06:59:59+00,2020/12/07-12/13/2020,2020.5,Average,(12) December,covid,933633,2020/12/18 06:59:59+00
269,TP02,2020/12/13 06:59:59+00,2020/12/07-12/13/2020,2020.5,Average,(12) December,covid,521067,2020/12/18 06:59:59+00
270,TP03,2020/12/13 06:59:59+00,2020/12/07-12/13/2020,2020.5,Average,(12) December,covid,5000,2020/12/18 06:59:59+00
271,TP04,2020/12/13 06:59:59+00,2020/12/07-12/13/2020,2020.5,Average,(12) December,covid,330933,2020/12/18 06:59:59+00
272,TP05,2020/12/13 06:59:59+00,2020/12/07-12/13/2020,2020.5,Average,(12) December,covid,819767,2020/12/18 06:59:59+00
273,TP06,2020/12/13 06:59:59+00,2020/12/07-12/13/2020,2020.5,Average,(12) December,covid,689533,2020/12/18 06:59:59+00
274,TP07,2020/12/13 06:59:59+00,2020/12/07-12/13/2020,2020.5,Average,(12) December,covid,5000,2020/12/18 06:59:59+00
275,Guadalupe,2020/12/13 06:59:59+00,2020/12/07-12/13/2020,2020.5,Average,(12) December,covid,2442133,2020/12/18 06:59:59+00
276,TP01,2020/12/20 06:59:59+00,2020/12/14-12/20/2020,2020.51,Average,(12) December,covid,1857033,2020/12/29 06:59:59+00
277,TP02,2020/12/20 06:59:59+00,2020/12/14-12/20/2020,2020.51,Average,(12) December,covid,1739267,2020/12/29 06:59:59+00
278,TP03,2020/12/20 06:59:59+00,2020/12/14-12/20/2020,2020.51,Average,(12) December,covid,5000,2020/12/29 06:59:59+00
279,TP04,2020/12/20 06:59:59+00,2020/12/14-12/20/2020,2020.51,Average,(12) December,covid,717833,2020/12/29 06:59:59+00
280,TP05,2020/12/20 06:59:59+00,2020/12/14-12/20/2020,2020.51,Average,(12) December,covid,746967,2020/12/29 06:59:59+00
281,TP06,2020/12/20 06:59:59+00,2020/12/14-12/20/2020,2020.51,Average,(12) December,covid,1134000,2020/12/29 06:59:59+00
282,TP07,2020/12/20 06:59:59+00,2020/12/14-12/20/2020,2020.51,Average,(12) December,covid,2535367,2020/12/29 06:59:59+00
283,Guadalupe,2020/12/27 06:59:59+00,2020/12/14-12/20/2020,2020.51,Average,(12) December,covid,3596133,2020/12/29 06:59:59+00
284,TP01,2020/12/27 06:59:59+00,2020/12/21-12/27/2020,2020.52,Average,(12) December,covid,723300,2020/12/29 06:59:59+00
285,TP02,2020/12/27 06:59:59+00,2020/12/21-12/27/2020,2020.52,Average,(12) December,covid,865700,2020/12/29 06:59:59+00
286,TP03,2020/12/27 06:59:59+00,2020/12/21-12/27/2020,2020.52,Average,(12) December,covid,5000,2020/12/29 06:59:59+00
287,TP04,2020/12/27 06:59:59+00,2020/12/21-12/27/2020,2020.52,Average,(12) December,covid,500700,2020/12/29 06:59:59+00
288,TP05,2020/12/27 06:59:59+00,2020/12/21-12/27/2020,2020.52,Average,(12) December,covid,254400,2020/12/29 06:59:59+00
289,TP06,2020/12/27 06:59:59+00,2020/12/21-12/27/2020,2020.52,Average,(12) December,covid,1017200,2020/12/29 06:59:59+00
290,TP07,2020/12/27 06:59:59+00,2020/12/21-12/27/2020,2020.52,Average,(12) December,covid,331600,2020/12/29 06:59:59+00
291,Guadalupe,2020/12/27 06:59:59+00,2020/12/21-12/27/2020,2020.52,Average,(12) December,covid,2301100,2020/12/29 06:59:59+00
292,TP01,2021/01/03 06:59:59+00,2020/12/28-01/03/2021,2021.01,Average,(01) January,covid,1857000,2021/01/05 06:59:59+00
293,TP02,2021/01/03 06:59:59+00,2020/12/28-01/03/2021,2021.01,Average,(01) January,covid,955450,2021/01/05 06:59:59+00
294,TP03,2021/01/03 06:59:59+00,2020/12/28-01/03/2021,2021.01,Average,(01) January,covid,281350,2021/01/05 06:59:59+00
295,TP04,2021/01/03 06:59:59+00,2020/12/28-01/03/2021,2021.01,Average,(01) January,covid,502200,2021/01/05 06:59:59+00
296,TP05,2021/01/03 06:59:59+00,2020/12/28-01/03/2021,2021.01,Average,(01) January,covid,4428800,2021/01/05 06:59:59+00
297,TP06,2021/01/03 06:59:59+00,2020/12/28-01/03/2021,2021.01,Average,(01) January,covid,2178650,2021/01/05 06:59:59+00
298,TP07,2021/01/03 06:59:59+00,2020/12/28-01/03/2021,2021.01,Average,(01) January,covid,2201900,2021/01/05 06:59:59+00
299,Guadalupe,2021/01/03 06:59:59+00,2020/12/28-01/03/2021,2021.01,Average,(01) January,covid,2000000,2021/01/05 06:59:59+00
300,TP01,2021/01/10 06:59:59+00,2021/01/04-01/10/2021,2021.02,Average,(01) January,covid,4148233,2021/01/20 06:59:59+00
301,TP02,2021/01/10 06:59:59+00,2021/01/04-01/10/2021,2021.02,Average,(01) January,covid,2602300,2021/01/20 06:59:59+00
302,TP03,2021/01/10 06:59:59+00,2021/01/04-01/10/2021,2021.02,Average,(01) January,covid,356467,2021/01/20 06:59:59+00
303,TP04,2021/01/10 06:59:59+00,2021/01/04-01/10/2021,2021.02,Average,(01) January,covid,1730300,2021/01/20 06:59:59+00
304,TP05,2021/01/10 06:59:59+00,2021/01/04-01/10/2021,2021.02,Average,(01) January,covid,3660033,2021/01/20 06:59:59+00
305,TP06,2021/01/10 06:59:59+00,2021/01/04-01/10/2021,2021.02,Average,(01) January,covid,2664933,2021/01/20 06:59:59+00
306,TP07,2021/01/10 06:59:59+00,2021/01/04-01/10/2021,2021.02,Average,(01) January,covid,1915567,2021/01/20 06:59:59+00
307,Guadalupe,2021/01/10 06:59:59+00,2021/01/04-01/10/2021,2021.02,Average,(01) January,covid,4025867,2021/01/20 06:59:59+00
308,TP01,2021/01/17 06:59:59+00,2021/01/11-01/17/2021,2021.03,Average,(01) January,covid,3317400,2021/01/20 06:59:59+00
309,TP02,2021/01/17 06:59:59+00,2021/01/11-01/17/2021,2021.03,Average,(01) January,covid,1505667,2021/01/20 06:59:59+00
310,TP03,2021/01/17 06:59:59+00,2021/01/11-01/17/2021,2021.03,Average,(01) January,covid,5000,2021/01/20 06:59:59+00
311,TP04,2021/01/17 06:59:59+00,2021/01/11-01/17/2021,2021.03,Average,(01) January,covid,1298100,2021/01/20 06:59:59+00
312,TP05,2021/01/17 06:59:59+00,2021/01/11-01/17/2021,2021.03,Average,(01) January,covid,1361567,2021/01/20 06:59:59+00
313,TP06,2021/01/17 06:59:59+00,2021/01/11-01/17/2021,2021.03,Average,(01) January,covid,1892100,2021/01/20 06:59:59+00
314,TP07,2021/01/17 06:59:59+00,2021/01/11-01/17/2021,2021.03,Average,(01) January,covid,763167,2021/01/20 06:59:59+00
315,Guadalupe,2021/01/17 06:59:59+00,2021/01/11-01/17/2021,2021.03,Average,(01) January,covid,3599600,2021/01/20 06:59:59+00
317,TP02,2021/01/24 06:59:59+00,2021/01/18-01/24/2021,2021.04,Average,(01) January,covid,1167667,2021/02/08 06:59:59+00
318,TP03,2021/01/24 06:59:59+00,2021/01/18-01/24/2021,2021.04,Average,(01) January,covid,5000,2021/01/28 06:59:59+00
319,TP04,2021/01/24 06:59:59+00,2021/01/18-01/24/2021,2021.04,Average,(01) January,covid,405167,2021/01/28 06:59:59+00
320,TP05,2021/01/24 06:59:59+00,2021/01/18-01/24/2021,2021.04,Average,(01) January,covid,193867,2021/01/28 06:59:59+00
321,TP06,2021/01/24 06:59:59+00,2021/01/18-01/24/2021,2021.04,Average,(01) January,covid,2513400,2021/01/28 06:59:59+00
322,TP07,2021/01/24 06:59:59+00,2021/01/18-01/24/2021,2021.04,Average,(01) January,covid,795767,2021/01/28 06:59:59+00
323,Guadalupe,2021/01/24 06:59:59+00,2021/01/18-01/24/2021,2021.04,Average,(01) January,covid,1461600,2021/01/28 06:59:59+00
324,TP01,2021/01/24 06:59:59+00,2021/01/18-01/24/2021,2021.04,Average,(01) January,covid,732067,2021/01/29 06:59:59+00
325,TP01,2021/01/31 06:59:59+00,2021/01/25-01/31/2021,2021.05,Average,(01) January,covid,2576333,2021/02/08 06:59:59+00
326,TP02,2021/01/31 06:59:59+00,2021/01/25-01/31/2021,2021.05,Average,(01) January,covid,1388233,2021/02/08 06:59:59+00
327,TP03,2021/01/31 06:59:59+00,2021/01/25-01/31/2021,2021.05,Average,(01) January,covid,5000,2021/02/08 06:59:59+00
328,TP04,2021/01/31 06:59:59+00,2021/01/25-01/31/2021,2021.05,Average,(01) January,covid,649567,2021/02/08 06:59:59+00
329,TP05,2021/01/31 06:59:59+00,2021/01/25-01/31/2021,2021.05,Average,(01) January,covid,97900,2021/02/08 06:59:59+00
330,TP06,2021/01/31 06:59:59+00,2021/01/25-01/31/2021,2021.05,Average,(01) January,covid,1612433,2021/02/08 06:59:59+00
331,TP07,2021/01/31 06:59:59+00,2021/01/25-01/31/2021,2021.05,Average,(01) January,covid,641133,2021/02/18 06:59:59+00
332,Guadalupe,2021/01/31 06:59:59+00,2021/01/25-01/31/2021,2021.05,Average,(01) January,covid,1765467,2021/02/08 06:59:59+00
333,TP01,2021/02/07 06:59:59+00,2021/02/01-02/07/2021,2021.06,Average,(02) February,covid,1424500,2021/02/18 06:59:59+00
334,TP02,2021/02/07 06:59:59+00,2021/02/01-02/07/2021,2021.06,Average,(02) February,covid,1887567,2021/02/18 06:59:59+00
335,TP03,2021/02/07 06:59:59+00,2021/02/01-02/07/2021,2021.06,Average,(02) February,covid,5000,2021/02/18 06:59:59+00
336,TP04,2021/02/07 06:59:59+00,2021/02/01-02/07/2021,2021.06,Average,(02) February,covid,830933,2021/02/18 06:59:59+00
337,TP05,2021/02/07 06:59:59+00,2021/02/01-02/07/2021,2021.06,Average,(02) February,covid,718333,2021/02/18 06:59:59+00
338,TP06,2021/02/07 06:59:59+00,2021/02/01-02/07/2021,2021.06,Average,(02) February,covid,1074500,2021/02/18 06:59:59+00
339,TP07,2021/02/07 06:59:59+00,2021/02/01-02/07/2021,2021.06,Average,(02) February,covid,395100,2021/02/18 06:59:59+00
340,Guadalupe,2021/02/07 06:59:59+00,2021/02/01-02/07/2021,2021.06,Average,(02) February,covid,933033,2021/02/18 06:59:59+00
341,TP01,2021/02/14 06:59:59+00,2021/02/08-02/14/2021,2021.07,Average,(02) February,covid,276200,2021/02/19 06:59:59+00
342,TP02,2021/02/14 06:59:59+00,2021/02/08-02/14/2021,2021.07,Average,(02) February,covid,790500,2021/02/19 06:59:59+00
343,TP03,2021/02/14 06:59:59+00,2021/02/08-02/14/2021,2021.07,Average,(02) February,covid,5000,2021/02/19 06:59:59+00
344,TP04,2021/02/14 06:59:59+00,2021/02/08-02/14/2021,2021.07,Average,(02) February,covid,5000,2021/02/19 06:59:59+00
345,TP05,2021/02/14 06:59:59+00,2021/02/08-02/14/2021,2021.07,Average,(02) February,covid,447200,2021/02/19 06:59:59+00
346,TP06,2021/02/14 06:59:59+00,2021/02/08-02/14/2021,2021.07,Average,(02) February,covid,317400,2021/02/19 06:59:59+00
347,TP07,2021/02/14 06:59:59+00,2021/02/08-02/14/2021,2021.07,Average,(02) February,covid,351667,2021/02/19 06:59:59+00
348,Guadalupe,2021/02/14 06:59:59+00,2021/02/08-02/14/2021,2021.07,Average,(02) February,covid,453900,2021/02/19 06:59:59+00
349,,,,,,,,,
350,,,,,,,,,
351,,,,,,,,,
352,,,,,,,,,
